{
    "best_model": "RandomForestRegressor",
    "train_rmse": 12690.53708415056,
    "val_rmse": 25263.630423315106,
    "test_rmse": 27654.94929332311
}